<?xml version="1.0" encoding="UTF-8"?>
<extension id="markdown" status="released" xmlns="http://symphony-cms.com/schemas/extension/1.0">
	<name>Markdown Text Formatter</name>
	<description>Text formatter that ships with Symphony</description>
	<repo type="github">https://github.com/symphonycms/markdown</repo>
	<url type="discuss" />
	<types>
		<type>Text Formatters</type>
	</types>
	<authors>
		<author>
			<name github="symphonycms" symphony="team">Symphony Team</name>
			<website>http://symphony-cms.com</website>
		</author>
	</authors>
	<releases>
		<release version="1.13" date="2011-02-08" min="2.0.7" max="2.2.x">
			- Resolve the Markdown class properly
		</release>
		<release version="1.12" date="2010-10-20" min="2.0.7">
			- Bugfix to correctly use Markdown Extra parser when required instead of vanilla Markdown.
		</release>
		<release version="1.11" date="2010-04-30" min="2.0.7">
			- Added back the "Markdown Extra" and "Markdown Extra with SmartyPants" formatters. The "Markdown with HTML Purifier" does not use the Extra or SmartyPants libraries.
		</release>
		<release version="1.10" date="2011-03-17" min="2.0.7">
			- Using updated PHP Markdown library. v1.2.4
			- Added [HTML Purifier](http://htmlpurifier.org/) v4.0.0 to help prevent XSS and other attacks on input
		</release>
	</releases>
</extension>