<?xml version="1.0" encoding="UTF-8"?>
<extension id="image_index_preview" status="released" xmlns="http://symphony-cms.com/schemas/extension/1.0">
	<name>Image Index Preview</name>
	<description>Display an image preview on the publish index.</description>
	<repo type="github">https://github.com/symphonists/image_index_preview</repo>
	<url type="discuss">http://symphony-cms.com/discuss/thread/60955/</url>
	<types>
		<type>Interface</type>
	</types>
	<authors>
		<author>
			<name github="symphonists" symphony="Nils">Nils Hörrmann</name>
			<website>http://nilshoerrmann.de</website>
		</author>
	</authors>
	<releases>
		<release version="1.2.1" date="2011-06-14" min="2.2" />
	</releases>
</extension>