<?xml version="1.0" encoding="UTF-8"?>
<extension id="profiledevkit" status="released" xmlns="http://symphony-cms.com/schemas/extension/1.0">
	<name>Profile Devkit</name>
	<description>Profile Devkit lets you profile the current page by adding `?profile` to the URL.</description>
	<repo type="github">https://github.com/symphonycms/profiledevkit</repo>
	<url type="discuss">http://symphony-cms.com/discuss/thread/36714/</url>
	<url type="issues">https://github.com/symphonycms/profiledevkit/issues</url>
	<types>
		<type>Workflow</type>
	</types>
	<authors>
		<author>
			<name github="team" symphony="symphonycms">Symphony Team</name>
			<website>http://www.symphony-cms.com</website>
		</author>
	</authors>
	<releases>
		<release version="1.0.4" date="2010-03-19" min="2.2" max="2.2.x" />
	</releases>
</extension>